{
  "products": [
    {
      "id": 1,
      "name": "아더에러 x 자라 패치워크 오버사이즈 니트 스웨터 멀티컬러",
      "provider": "Ader Error",
      "price": 313000,
      "image": "/images/image001.png",
      "category": "의류",
      "gender": 1
    },
    {
      "id": 2,
      "name": "스투시 x 데님 티어스 타입 2 자켓 라이트 인디고",
      "provider": "Stussy",
      "price": 990000,
      "image": "/images/image002.png",
      "category": "의류",
      "gender": 1
    },
    {
      "id": 3,
      "name": "넘버링 1901 A13 워치 브레이슬릿 블랙 스트랩 실버",
      "provider": "Numbering",
      "price": 198000,
      "image": "/images/image003.png",
      "category": "패션잡화",
      "gender": 1
    },
    {
      "id": 4,
      "name": "오프화이트 x 포스트 아카이브 팩션 피규어 오브 스피치 캡 라이트 블랙",
      "provider": "Off-White",
      "price": 188000,
      "image": "/images/image004.png",
      "category": "패션잡화",
      "gender": 1
    },
    {
      "id": 5,
      "name": "폴리테루 리소 데님 인디고 22FW",
      "provider": "Polyteru",
      "price": 164000,
      "image": "/images/image005.png",
      "category": "의류",
      "gender": 1
    },
    {
      "id": 6,
      "name": "알레그리 캐시미어 리치 30 핸드메이드 더블 칼라 세미 오버 로브 코트 제트 블랙",
      "provider": "Allegri",
      "price": 1170000,
      "image": "/images/image006.png",
      "category": "의류",
      "gender": 2
    },
    {
      "id": 7,
      "name": "애플 아이폰 13 프로 맥스 128GB 그래파이트",
      "provider": "Kracker",
      "price": 1319000,
      "image": "/images/image007.png",
      "category": "테크",
      "gender": 2
    },
    {
      "id": 8,
      "name": "아더에러 x 자라 백팩 블랙",
      "provider": "Ader Error",
      "price": 280000,
      "image": "/images/image008.png",
      "category": "라이프",
      "gender": 2
    },
    {
      "id": 9,
      "name": "피어 오브 갓 베이스볼 후드 빈티지 블랙",
      "provider": "Fear of God",
      "price": 467000,
      "image": "/images/image009.png",
      "category": "의류",
      "gender": 1
    },
    {
      "id": 10,
      "name": "텐씨 아틱 다운 파카 그레이",
      "provider": "TenC",
      "price": 830000,
      "image": "/images/image010.png",
      "category": "의류",
      "gender": 1
    },
    {
      "id": 11,
      "name": "언더마이카 리전.04 멀티 지퍼 배기 와이드 슬랙스 블랙",
      "provider": "Undermycar",
      "price": 189000,
      "image": "/images/image011.png",
      "category": "의류",
      "gender": 1
    },
    {
      "id": 12,
      "name": "롤렉스 씨드웰러 126600",
      "provider": "Rolex",
      "price": 17600000,
      "image": "/images/image012.png",
      "category": "패션잡화",
      "gender": 1
    },
    {
      "id": 13,
      "name": "슈프림 벨벳 패턴 트루퍼 라이트 블루 - 21FW",
      "provider": "Supreme",
      "price": 228000,
      "image": "/images/image013.png",
      "category": "패션잡화",
      "gender": 1
    },
    {
      "id": 14,
      "name": "튜더 블랙 베이 크로노 MT5813 스틸 브레이슬릿 오팔린",
      "provider": "Tudor",
      "price": 5900000,
      "image": "/images/image014.png",
      "category": "패션잡화",
      "gender": 1
    },
    {
      "id": 15,
      "name": "노스페이스 눕시 쇼트 자켓 블랙",
      "provider": "TheNorthFace",
      "price": 649000,
      "image": "/images/image015.png",
      "category": "의류",
      "gender": 2
    },
    {
      "id": 16,
      "name": "막스마라 루드밀라 아이콘 코트 토바코",
      "provider": "MaxMara",
      "price": 4150000,
      "image": "/images/image016.png",
      "category": "의류",
      "gender": 2
    },
    {
      "id": 17,
      "name": "디젤 엠아리사 점퍼 자수 컷아웃 로고 니트 블랙",
      "provider": "Diesel",
      "price": 599000,
      "image": "/images/image017.png",
      "category": "의류",
      "gender": 2
    },
    {
      "id": 18,
      "name": "비비안 웨스트우드 투 사이드 싱글 오브 스카프 카멜",
      "provider": "Vivienne Westwood",
      "price": 217000,
      "image": "/images/image018.png",
      "category": "패션잡화",
      "gender": 2
    },
    {
      "id": 19,
      "name": "셀린느 트리옴페 캔버스 & 카프스킨 미디움 폴코백 탄",
      "provider": "Celine",
      "price": 2100000,
      "image": "/images/image019.png",
      "category": "패션잡화",
      "gender": 2
    },
    {
      "id": 20,
      "name": "반 클리프 & 아펠 스위트 알함브라 펜던트 옐로우 골드 마더 오브 펄",
      "provider": "Van Cleef & Arpels",
      "price": 2110000,
      "image": "/images/image020.png",
      "category": "패션잡화",
      "gender": 2
    },
    {
      "id": 21,
      "name": "딥티크 플레르 드 뽀 오 드 퍼퓸 75ml (국내 정식 발매 제품)",
      "provider": "Diptyque",
      "price": 227000,
      "image": "/images/image021.png",
      "category": "라이프",
      "gender": 3
    },
    {
      "id": 22,
      "name": "딥티크 오르페옹 오 드 퍼퓸 75ml (국내 정식 발매 제품)",
      "provider": "Diptyque",
      "price": 215000,
      "image": "/images/image022.png",
      "category": "라이프",
      "gender": 3
    },
    {
      "id": 23,
      "name": "케이스티파이 x 아더에러 아이폰 스티커 맥세이프 케이스 클리어",
      "provider": "Casetify",
      "price": 113000,
      "image": "/images/image023.png",
      "category": "라이프",
      "gender": 3
    },
    {
      "id": 24,
      "name": "헬리녹스 택티컬 필드 터널 4.35 코요테 탄",
      "provider": "Helinox",
      "price": 4950000,
      "image": "/images/image024.png",
      "category": "라이프",
      "gender": 3
    },
    {
      "id": 25,
      "name": "레고 빈센트 반 고흐 별이 빛나는 밤",
      "provider": "Lego",
      "price": 201000,
      "image": "/images/image025.png",
      "category": "라이프",
      "gender": 3
    },
    {
      "id": 26,
      "name": "톰포드 오드 우드 오 드 퍼퓸 100ml (국내 정식 발매 제품)",
      "provider": "Tom Ford",
      "price": 338000,
      "image": "/images/image026.png",
      "category": "라이프",
      "gender": 3
    },
    {
      "id": 27,
      "name": "포켓몬 카드 게임 소드&실드 하이클래스팩 브이맥스 클라이맥스 4박스 (총 40팩)",
      "provider": "Pokemon",
      "price": 375000,
      "image": "/images/image027.png",
      "category": "라이프",
      "gender": 3
    },
    {
      "id": 28,
      "name": "오프화이트 x 아모레 퍼시픽 프로텍션 박스",
      "provider": "Off-White",
      "price": 34000,
      "image": "/images/image028.png",
      "category": "라이프",
      "gender": 3
    },
    {
      "id": 29,
      "name": "레고 바라쿠다 해적들",
      "provider": "Lego",
      "price": 432000,
      "image": "/images/image029.png",
      "category": "라이프",
      "gender": 3
    },
    {
      "id": 30,
      "name": "레고 대형 백화점",
      "provider": "Lego",
      "price": 481000,
      "image": "/images/image030.png",
      "category": "라이프",
      "gender": 3
    },
    {
      "id": 31,
      "name": "애플 에어팟 맥스 실버 (국내 정식 발매 제품)",
      "provider": "Apple",
      "price": 693000,
      "image": "/images/image031.png",
      "category": "테크",
      "gender": 3
    },
    {
      "id": 32,
      "name": "애플 에어팟 프로 2세대 (국내 정식 발매 제품)",
      "provider": "Apple",
      "price": 309000,
      "image": "/images/image032.png",
      "category": "테크",
      "gender": 1
    },
    {
      "id": 33,
      "name": "마이크로소프트 엑스박스 시리즈 X (국내 정식 발매 제품)",
      "provider": "Microsoft",
      "price": 584000,
      "image": "/images/image033.png",
      "category": "테크",
      "gender": 1
    },
    {
      "id": 34,
      "name": "애플 에어팟 프로 맥세이프 호환 (국내 정식 발매 제품)",
      "provider": "Apple",
      "price": 248000,
      "image": "/images/image034.png",
      "category": "테크",
      "gender": 3
    },
    {
      "id": 35,
      "name": "애플 에어팟 맥스 스페이스 그레이 (국내 정식 발매 제품)",
      "provider": "Apple",
      "price": 681000,
      "image": "/images/image035.png",
      "category": "테크",
      "gender": 3
    },
    {
      "id": 36,
      "name": "소니 플레이스테이션 5 블루레이 에디션 (국내 정식 발매 제품)",
      "provider": "Sony",
      "price": 713000,
      "image": "/images/image036.png",
      "category": "테크",
      "gender": 3
    },
    {
      "id": 37,
      "name": "소니 플레이스테이션 5 디지털 에디션 (국내 정식 발매 제품)",
      "provider": "Sony",
      "price": 590000,
      "image": "/images/image037.png",
      "category": "테크",
      "gender": 3
    },
    {
      "id": 38,
      "name": "애플 아이패드 에어 5세대 와이파이 64기가 스페이스 그레이 (국내 정식 발매 제품)",
      "provider": "Apple",
      "price": 728000,
      "image": "/images/image038.png",
      "category": "테크",
      "gender": 2
    },
    {
      "id": 39,
      "name": "애플 아이폰 14 프로 128기가 스페이스 블랙 (국내 정식 발매 제품)",
      "provider": "Apple",
      "price": 1506000,
      "image": "/images/image039.png",
      "category": "테크",
      "gender": 2
    },
    {
      "id": 40,
      "name": "애플 아이폰 14 프로 256기가 실버 (국내 정식 발매 제품)",
      "provider": "Apple",
      "price": 1609000,
      "image": "/images/image040.png",
      "category": "테크",
      "gender": 1
    }
  ]
}